date_o;weekday;timestamp_lesson;discipline;type_disc;teacher;audience
01.09.2026;Понедельник;15:40–17:00;Экранная культура и историческое образование;лк.;Доц. Т.В. Щербакова;3403
01.09.2026;Понедельник;17:10–18:30;Экранная культура и историческое образование;пр.;Доц. Т.В. Щербакова;3403
01.09.2026;Понедельник;18:40–20:00;Формирование функциональной грамотности;пр.;Доц. А.А. Козлова;3307
02.09.2026;Вторник;15:40–17:00;История Москвы;лк.;Доц. М.Е. Набокина;3605
02.09.2026;Вторник;17:10–18:30;История Москвы;пр.;Доц. М.Е. Набокина;3605
02.09.2026;Вторник;18:40–20:00;Подготовка к ГИА по соц.-гум. циклу;лк.;Доц. И.А. Нидерман;3407
02.09.2026;Вторник;20:10–21:30;Подготовка к ГИА по соц.-гум. циклу;лк.;Доц. И.А. Нидерман;3407
03.09.2026;Среда;15:40–17:00;Политическая история России в портретах;лк.;Проф. Т.В. Ершова;3607
03.09.2026;Среда;17:10–18:30;Политическая история России в портретах;пр.;Проф. Т.В. Ершова;3607
05.09.2026;Пятница;15:40–17:00;Актуальные проблемы внедрения ИКС;лк.;Доц. В.В. Шаповал;3405
05.09.2026;Пятница;17:10–18:30;Актуальные проблемы внедрения ИКС;пр.;Доц. В.В. Шаповал;3405
07.09.2026;Воскресенье;15:40–17:00;Методы социальных исследований;пр.;Доц. Г.В. Калабухова;3507
07.09.2026;Воскресенье;17:10–18:30;Методы социальных исследований;лк.;Доц. Г.В. Калабухова;—
08.09.2026;Понедельник;15:40–17:00;Русская православная церковь и общество;лк.;Доц. М.Е. Набокина;3603
08.09.2026;Понедельник;17:10–18:30;Русская православная церковь и общество;пр.;Доц. М.Е. Набокина;3603
08.09.2026;Понедельник;18:40–20:00;История средневековой культуры;пр.;Ст.пр. К.Ф. Ерназаров;3604
08.09.2026;Понедельник;20:10–21:30;История средневековой культуры;пр.;Ст.пр. К.Ф. Ерназаров;3604
09.09.2026;Вторник;17:10–18:30;Формирование функциональной грамотности;пр.;Доц. А.А. Козлова;3207
09.09.2026;Вторник;18:40–20:00;Формирование функциональной грамотности;пр.;Доц. А.А. Козлова;3207
10.09.2026;Среда;15:40–17:00;Менеджмент в сфере образования;лк.;Доц. Г.С. Купалов;3404
10.09.2026;Среда;17:10–18:30;Менеджмент в сфере образования;пр.;Доц. Г.С. Купалов;3404
14.09.2026;Воскресенье;14:20–15:30;Формирование функциональной грамотности;пр.;Доц. А.А. Козлова;3404
14.09.2026;Воскресенье;15:40–17:00;Методы социальных исследований;пр.;Доц. Г.В. Калабухова;3507
14.09.2026;Воскресенье;17:10–18:30;Методы социальных исследований;лк.;Доц. Г.В. Калабухова;—
15.09.2026;Понедельник;15:40–17:00;Экранная культура и историческое образование;лк.;Доц. Т.В. Щербакова;3403
15.09.2026;Понедельник;17:10–18:30;Экранная культура и историческое образование;пр.;Доц. Т.В. Щербакова;3403
16.09.2026;Вторник;15:40–17:00;История Москвы;лк.;Доц. М.Е. Набокина;3605
16.09.2026;Вторник;17:10–18:30;История Москвы;пр.;Доц. М.Е. Набокина;3605
16.09.2026;Вторник;18:40–20:00;История Москвы;пр.;Доц. М.Е. Набокина;3605
17.09.2026;Среда;15:40–17:00;Политическая история России в портретах;лк.;Проф. Т.В. Ершова;3607
17.09.2026;Среда;17:10–18:30;Политическая история России в портретах;пр.;Проф. Т.В. Ершова;3607
18.09.2026;Четверг;18:40–20:00;История Москвы;лк.;Доц. М.Е. Набокина;VK Звонки
18.09.2026;Четверг;20:10–21:30;История Москвы;пр.;Доц. М.Е. Набокина;VK Звонки
19.09.2026;Пятница;15:40–17:00;Актуальные проблемы внедрения ИКС;лк.;Доц. В.В. Шаповал;3405
19.09.2026;Пятница;17:10–18:30;Актуальные проблемы внедрения ИКС;пр.;Доц. В.В. Шаповал;3405
22.09.2026;Понедельник;15:40–17:00;Русская православная церковь и общество;лк.;Доц. М.Е. Набокина;3603
22.09.2026;Понедельник;17:10–18:30;Русская православная церковь и общество;пр.;Доц. М.Е. Набокина;3603
22.09.2026;Понедельник;18:40–20:00;История средневековой культуры;пр.;Ст.пр. К.Ф. Ерназаров;3604
22.09.2026;Понедельник;20:10–21:30;История средневековой культуры;пр.;Ст.пр. К.Ф. Ерназаров;3604
23.09.2026;Вторник;17:10–18:30;Формирование функциональной грамотности;пр.;Доц. А.А. Козлова;3207
23.09.2026;Вторник;18:40–20:00;Формирование функциональной грамотности;пр.;Доц. А.А. Козлова;3207
24.09.2026;Среда;15:40–17:00;Менеджмент в сфере образования;лк.;Доц. Г.С. Купалов;3404
24.09.2026;Среда;17:10–18:30;Менеджмент в сфере образования;пр.;Доц. Г.С. Купалов;3404
25.09.2026;Четверг;17:10–18:30;История Москвы;лк.;Доц. М.Е. Набокина;VK Звонки
25.09.2026;Четверг;18:40–20:00;История Москвы;лк.;Доц. М.Е. Набокина;VK Звонки
25.09.2026;Четверг;20:10–21:30;История Москвы;пр.;Доц. М.Е. Набокина;VK Звонки
28.09.2026;Воскресенье;15:40–17:00;Формирование функциональной грамотности;лк.;Доц. А.А. Козлова;—
28.09.2026;Воскресенье;17:10–18:30;Методы социальных исследований;лк.;Доц. Г.В. Калабухова;—
29.09.2026;Понедельник;15:40–17:00;Экранная культура и историческое образование;лк.;Доц. Т.В. Щербакова;3403
29.09.2026;Понедельник;17:10–18:30;Экранная культура и историческое образование;пр.;Доц. Т.В. Щербакова;3403
30.09.2026;Вторник;18:40–20:00;Подготовка к ГИА по соц.-гум. циклу;лк.;Доц. И.А. Нидерман;3407
30.09.2026;Вторник;20:10–21:30;Подготовка к ГИА по соц.-гум. циклу;лк.;Доц. И.А. Нидерман;3407
01.10.2026;Среда;15:40–17:00;Политическая история России в портретах;лк.;Проф. Т.В. Ершова;3607
01.10.2026;Среда;17:10–18:30;Политическая история России в портретах;пр.;Проф. Т.В. Ершова;3607
02.10.2026;Четверг;18:40–20:00;История Москвы;лк.;Доц. М.Е. Набокина;VK Звонки
02.10.2026;Четверг;20:10–21:30;История Москвы;пр.;Доц. М.Е. Набокина;VK Звонки
03.10.2026;Пятница;15:40–17:00;Актуальные проблемы внедрения ИКС;лк.;Доц. В.В. Шаповал;3405
03.10.2026;Пятница;17:10–18:30;Актуальные проблемы внедрения ИКС;пр.;Доц. В.В. Шаповал;3405
05.10.2026;Воскресенье;15:40–17:00;Методы социальных исследований;пр.;Доц. Г.В. Калабухова;3507
05.10.2026;Воскресенье;17:10–18:30;Методы социальных исследований;лк.;Доц. Г.В. Калабухова;—
06.10.2026;Понедельник;15:40–17:00;Русская православная церковь и общество;лк.;Доц. М.Е. Набокина;3603
06.10.2026;Понедельник;17:10–18:30;Русская православная церковь и общество;пр.;Доц. М.Е. Набокина;3603
06.10.2026;Понедельник;18:40–20:00;История средневековой культуры;пр.;Ст.пр. К.Ф. Ерназаров;3604
06.10.2026;Понедельник;20:10–21:30;История средневековой культуры;пр.;Ст.пр. К.Ф. Ерназаров;3604
07.10.2026;Вторник;17:10–18:30;Формирование функциональной грамотности;пр.;Доц. А.А. Козлова;3207
07.10.2026;Вторник;18:40–20:00;Формирование функциональной грамотности;пр.;Доц. А.А. Козлова;3207
08.10.2026;Среда;15:40–17:00;Менеджмент в сфере образования;лк.;Доц. Г.С. Купалов;3404
08.10.2026;Среда;17:10–18:30;Менеджмент в сфере образования;пр.;Доц. Г.С. Купалов;3404
09.10.2026;Четверг;17:10–18:30;История Москвы;лк.;Доц. М.Е. Набокина;VK Звонки
09.10.2026;Четверг;18:40–20:00;История Москвы;лк.;Доц. М.Е. Набокина;VK Звонки
09.10.2026;Четверг;20:10–21:30;История Москвы;пр.;Доц. М.Е. Набокина;VK Звонки
10.10.2026;Пятница;18:40–20:00;Менеджмент в сфере образования;лк.;Доц. Г.С. Купалов;—
10.10.2026;Пятница;20:10–21:30;Менеджмент в сфере образования;пр.;Доц. Г.С. Купалов;—
12.10.2026;Воскресенье;15:40–17:00;Методы социальных исследований;пр.;Доц. Г.В. Калабухова;3507
12.10.2026;Воскресенье;17:10–18:30;Методы социальных исследований;лк.;Доц. Г.В. Калабухова;—
13.10.2026;Понедельник;15:40–17:00;Экранная культура и историческое образование;лк.;Доц. Т.В. Щербакова;3403
13.10.2026;Понедельник;17:10–18:30;Экранная культура и историческое образование;пр.;Доц. Т.В. Щербакова;3403
14.10.2026;Вторник;15:40–17:00;История Москвы;лк.;Доц. М.Е. Набокина;3605
14.10.2026;Вторник;17:10–18:30;История Москвы;пр.;Доц. М.Е. Набокина;3605
14.10.2026;Вторник;18:40–20:00;История Москвы;пр.;Доц. М.Е. Набокина;3605
15.10.2026;Среда;15:40–17:00;Политическая история России в портретах;лк.;Проф. Т.В. Ершова;3607
15.10.2026;Среда;17:10–18:30;Политическая история России в портретах;пр.;Проф. Т.В. Ершова;3607
17.10.2026;Пятница;15:40–17:00;Актуальные проблемы внедрения ИКС;лк.;Доц. В.В. Шаповал;3405
17.10.2026;Пятница;17:10–18:30;Актуальные проблемы внедрения ИКС;пр.;Доц. В.В. Шаповал;3405
18.10.2026;Четверг*;—;—;—;—;—
19.10.2026;Воскресенье;15:40–17:00;Методы социальных исследований;пр.;Доц. Г.В. Калабухова;3507
19.10.2026;Воскресенье;17:10–18:30;Методы социальных исследований;лк.;Доц. Г.В. Калабухова;—
20.10.2026;Понедельник;15:40–17:00;Русская православная церковь и общество;лк.;Доц. М.Е. Набокина;3603
20.10.2026;Понедельник;17:10–18:30;Русская православная церковь и общество;пр.;Доц. М.Е. Набокина;3603
20.10.2026;Понедельник;18:40–20:00;История средневековой культуры;пр.;Ст.пр. К.Ф. Ерназаров;3604
20.10.2026;Понедельник;20:10–21:30;История средневековой культуры;пр.;Ст.пр. К.Ф. Ерназаров;3604
21.10.2026;Вторник;17:10–18:30;Формирование функциональной грамотности;пр.;Доц. А.А. Козлова;3207
21.10.2026;Вторник;18:40–20:00;Формирование функциональной грамотности;пр.;Доц. А.А. Козлова;3207
22.10.2026;Среда;15:40–17:00;Менеджмент в сфере образования;лк.;Доц. Г.С. Купалов;3404
22.10.2026;Среда;17:10–18:30;Менеджмент в сфере образования;пр.;Доц. Г.С. Купалов;3404
26.10.2026;Воскресенье;15:40–17:00;Методы социальных исследований;пр.;Доц. Г.В. Калабухова;3507
26.10.2026;Воскресенье;17:10–18:30;Методы социальных исследований;лк.;Доц. Г.В. Калабухова;—
27.10.2026;Понедельник;15:40–17:00;Экранная культура и историческое образование;лк.;Доц. Т.В. Щербакова;3403
27.10.2026;Понедельник;17:10–18:30;Экранная культура и историческое образование;пр.;Доц. Т.В. Щербакова;3403
28.10.2026;Вторник;17:10–18:30;Подготовка к ГИА по соц.-гум. циклу;лк.;Доц. И.А. Нидерман;3407
28.10.2026;Вторник;18:40–20:00;Подготовка к ГИА по соц.-гум. циклу;лк.;Доц. И.А. Нидерман;3407
29.10.2026;Среда;15:40–17:00;Политическая история России в портретах;лк.;Проф. Т.В. Ершова;3607
29.10.2026;Среда;17:10–18:30;Политическая история России в портретах;пр.;Проф. Т.В. Ершова;3607
30.10.2026;Четверг;15:40–17:00;Формирование функциональной грамотности;пр.;Доц. А.А. Козлова;—
30.10.2026;Четверг;17:10–18:30;Формирование функциональной грамотности;пр.;Доц. А.А. Козлова;—
31.10.2026;Пятница;15:40–17:00;Актуальные проблемы внедрения ИКС;лк.;Доц. В.В. Шаповал;3405
31.10.2026;Пятница;17:10–18:30;Актуальные проблемы внедрения ИКС;пр.;Доц. В.В. Шаповал;3405
02.11.2026;Воскресенье;15:40–17:00;Методы социальных исследований;пр.;Доц. Г.В. Калабухова;3507
02.11.2026;Воскресенье;17:10–18:30;Методы социальных исследований;лк.;Доц. Г.В. Калабухова;—
03.11.2026;Понедельник;15:40–17:00;Русская православная церковь и общество;лк.;Доц. М.Е. Набокина;3603
03.11.2026;Понедельник;17:10–18:30;Русская православная церковь и общество;пр.;Доц. М.Е. Набокина;3603
03.11.2026;Понедельник;18:40–20:00;История средневековой культуры;пр.;Ст.пр. К.Ф. Ерназаров;3604
03.11.2026;Понедельник;20:10–21:30;История средневековой культуры;пр.;Ст.пр. К.Ф. Ерназаров;3604
05.11.2026;Среда;15:40–17:00;Менеджмент в сфере образования;лк.;Доц. Г.С. Купалов;3404
05.11.2026;Среда;17:10–18:30;Менеджмент в сфере образования;пр.;Доц. Г.С. Купалов;3404
09.11.2026;Воскресенье;15:40–17:00;Методы социальных исследований;пр.;Доц. Г.В. Калабухова;3507
09.11.2026;Воскресенье;17:10–18:30;Методы социальных исследований;лк.;Доц. Г.В. Калабухова;—
10.11.2026;Понедельник;15:40–17:00;Экранная культура и историческое образование;лк.;Доц. Т.В. Щербакова;3403
10.11.2026;Понедельник;17:10–18:30;Экранная культура и историческое образование;пр.;Доц. Т.В. Щербакова;3403
11.11.2026;Вторник;17:10–18:30;Подготовка к ГИА по соц.-гум. циклу;лк.;Доц. И.А. Нидерман;3407
11.11.2026;Вторник;18:40–20:00;Подготовка к ГИА по соц.-гум. циклу;лк.;Доц. И.А. Нидерман;3407
12.11.2026;Среда;15:40–17:00;Политическая история России в портретах;лк.;Проф. Т.В. Ершова;3607
12.11.2026;Среда;17:10–18:30;Политическая история России в портретах;пр.;Проф. Т.В. Ершова;3607
13.11.2026;Четверг;15:40–17:00;Формирование функциональной грамотности;пр.;Доц. А.А. Козлова;—
13.11.2026;Четверг;17:10–18:30;Формирование функциональной грамотности;пр.;Доц. А.А. Козлова;—
14.11.2026;Пятница;15:40–17:00;Актуальные проблемы внедрения ИКС;лк.;Доц. В.В. Шаповал;3405
14.11.2026;Пятница;17:10–18:30;Актуальные проблемы внедрения ИКС;пр.;Доц. В.В. Шаповал;3405
16.11.2026;Воскресенье;14:20–15:30;Методы социальных исследований;пр.;Доц. Г.В. Калабухова;3507
16.11.2026;Воскресенье;15:40–17:00;Методы социальных исследований;пр.;Доц. Г.В. Калабухова;3507
17.11.2026;Понедельник;15:40–17:00;Русская православная церковь и общество;лк.;Доц. М.Е. Набокина;3603
17.11.2026;Понедельник;17:10–18:30;Русская православная церковь и общество;пр.;Доц. М.Е. Набокина;3603
17.11.2026;Понедельник;18:40–20:00;История средневековой культуры;пр.;Ст.пр. К.Ф. Ерназаров;3604
17.11.2026;Понедельник;20:10–21:30;История средневековой культуры;пр.;Ст.пр. К.Ф. Ерназаров;3604
18.11.2026;Вторник;17:10–18:30;Формирование функциональной грамотности;пр.;Доц. А.А. Козлова;3207
18.11.2026;Вторник;18:40–20:00;Формирование функциональной грамотности;пр.;Доц. А.А. Козлова;3207
19.11.2026;Среда;15:40–17:00;Менеджмент в сфере образования;лк.;Доц. Г.С. Купалов;3404
19.11.2026;Среда;17:10–18:30;Менеджмент в сфере образования;пр.;Доц. Г.С. Купалов;3404
24.11.2026;Понедельник;15:40–17:00;Экранная культура и историческое образование;лк.;Доц. Т.В. Щербакова;3403
24.11.2026;Понедельник;17:10–18:30;Экранная культура и историческое образование;пр.;Доц. Т.В. Щербакова;3403
25.11.2026;Вторник;17:10–18:30;Подготовка к ГИА по соц.-гум. циклу;пр.;Доц. И.А. Нидерман;3407
25.11.2026;Вторник;18:40–20:00;Подготовка к ГИА по соц.-гум. циклу;лк.;Доц. И.А. Нидерман;3407
26.11.2026;Среда;15:40–17:00;Политическая история России в портретах;лк.;Проф. Т.В. Ершова;3607
26.11.2026;Среда;17:10–18:30;Политическая история России в портретах;пр.;Проф. Т.В. Ершова;3607
27.11.2026;Четверг;15:40–17:00;Формирование функциональной грамотности;пр.;Доц. А.А. Козлова;—
27.11.2026;Четверг;17:10–18:30;Формирование функциональной грамотности;пр.;Доц. А.А. Козлова;—
28.11.2026;Пятница;15:40–17:00;Актуальные проблемы внедрения ИКС;лк.;Доц. В.В. Шаповал;3405
28.11.2026;Пятница;17:10–18:30;Актуальные проблемы внедрения ИКС;пр.;Доц. В.В. Шаповал;3405
29.11.2026;Суббота;15:40–17:00;Формирование функциональной грамотности;лк.;Доц. А.А. Козлова;—
01.12.2026;Понедельник;15:40–17:00;Русская православная церковь и общество;лк.;Доц. М.Е. Набокина;3603
01.12.2026;Понедельник;17:10–18:30;Русская православная церковь и общество;пр.;Доц. М.Е. Набокина;3603
01.12.2026;Понедельник;18:40–20:00;История средневековой культуры;пр.;Ст.пр. К.Ф. Ерназаров;3604
01.12.2026;Понедельник;20:10–21:30;История средневековой культуры;пр.;Ст.пр. К.Ф. Ерназаров;3604
02.12.2026;Вторник;17:10–18:30;Формирование функциональной грамотности;пр.;Доц. А.А. Козлова;3207
02.12.2026;Вторник;18:40–20:00;Формирование функциональной грамотности;пр.;Доц. А.А. Козлова;3207
03.12.2026;Среда;15:40–17:00;Менеджмент в сфере образования;лк.;Доц. Г.С. Купалов;3404
03.12.2026;Среда;17:10–18:30;Менеджмент в сфере образования;пр.;Доц. Г.С. Купалов;3404
08.12.2026;Понедельник;15:40–17:00;Экранная культура и историческое образование;лк.;Доц. Т.В. Щербакова;3403
08.12.2026;Понедельник;17:10–18:30;Экранная культура и историческое образование;пр.;Доц. Т.В. Щербакова;3403
09.12.2026;Вторник;17:10–18:30;Подготовка к ГИА по соц.-гум. циклу;пр.;Доц. И.А. Нидерман;3407
09.12.2026;Вторник;18:40–20:00;Подготовка к ГИА по соц.-гум. циклу;лк.;Доц. И.А. Нидерман;3407
10.12.2026;Среда;15:40–17:00;Политическая история России в портретах;лк.;Проф. Т.В. Ершова;3607
10.12.2026;Среда;17:10–18:30;Политическая история России в портретах;пр.;Проф. Т.В. Ершова;3607
11.12.2026;Четверг;15:40–17:00;Формирование функциональной грамотности;пр.;Доц. А.А. Козлова;—
11.12.2026;Четверг;17:10–18:30;Формирование функциональной грамотности;пр.;Доц. А.А. Козлова;—
12.12.2026;Пятница;15:40–17:00;Актуальные проблемы внедрения ИКС;лк.;Доц. В.В. Шаповал;3405
12.12.2026;Пятница;17:10–18:30;Актуальные проблемы внедрения ИКС;пр.;Доц. В.В. Шаповал;3405
15.12.2026;Понедельник;15:40–17:00;Русская православная церковь и общество;лк.;Доц. М.Е. Набокина;3603
15.12.2026;Понедельник;17:10–18:30;Русская православная церковь и общество;пр.;Доц. М.Е. Набокина;3603
15.12.2026;Понедельник;18:40–20:00;История средневековой культуры;пр.;Ст.пр. К.Ф. Ерназаров;3604
15.12.2026;Понедельник;20:10–21:30;История средневековой культуры;пр.;Ст.пр. К.Ф. Ерназаров;3604
16.12.2026;Вторник;17:10–18:30;Формирование функциональной грамотности;пр.;Доц. А.А. Козлова;3207
16.12.2026;Вторник;18:40–20:00;Формирование функциональной грамотности;пр.;Доц. А.А. Козлова;3207
17.12.2026;Среда;15:40–17:00;Менеджмент в сфере образования;лк.;Доц. Г.С. Купалов;3404
17.12.2026;Среда;17:10–18:30;Менеджмент в сфере образования;пр.;Доц. Г.С. Купалов;3404
22.12.2026;Понедельник;15:40–17:00;Экранная культура и историческое образование;лк.;Доц. Т.В. Щербакова;3403
22.12.2026;Понедельник;17:10–18:30;Экранная культура и историческое образование;пр.;Доц. Т.В. Щербакова;3403
23.12.2026;Вторник;18:40–20:00;Подготовка к ГИА по соц.-гум. циклу;лк.;Доц. И.А. Нидерман;3407
23.12.2026;Вторник;20:10–21:30;Подготовка к ГИА по соц.-гум. циклу;лк.;Доц. И.А. Нидерман;3407
24.12.2026;Среда;15:40–17:00;Политическая история России в портретах;лк.;Проф. Т.В. Ершова;3607
24.12.2026;Среда;17:10–18:30;Политическая история России в портретах;пр.;Проф. Т.В. Ершова;3607
25.12.2026;Четверг;15:40–17:00;Формирование функциональной грамотности;пр.;Доц. А.А. Козлова;—
25.12.2026;Четверг;17:10–18:30;Формирование функциональной грамотности;пр.;Доц. А.А. Козлова;—
26.12.2026;Пятница;15:40–17:00;Актуальные проблемы внедрения ИКС;лк.;Доц. В.В. Шаповал;3405
26.12.2026;Пятница;17:10–18:30;Актуальные проблемы внедрения ИКС;пр.;Доц. В.В. Шаповал;3405
29.12.2026;Понедельник;15:40–17:00;Русская православная церковь и общество;лк.;Доц. М.Е. Набокина;3603
29.12.2026;Понедельник;17:10–18:30;Русская православная церковь и общество;пр.;Доц. М.Е. Набокина;3603
29.12.2026;Понедельник;18:40–20:00;История средневековой культуры;пр.;Ст.пр. К.Ф. Ерназаров;3604
29.12.2026;Понедельник;20:10–21:30;История средневековой культуры;пр.;Ст.пр. К.Ф. Ерназаров;3604
;;;;;;
;;;;;;
;;;;;;
;;;;;;
;;;;;;
;;;;;;
;;;;;;
;;;;;;
;;;;;;
;;;;;;
;;;;;;
;;;;;;
;;;;;;
;;;;;;
;;;;;;
;;;;;;
;;;;;;
;;;;;;
;;;;;;
;;;;;;
;;;;;;
;;;;;;
;;;;;;
;;;;;;
;;;;;;
;;;;;;
;;;;;;
;;;;;;
;;;;;;
;;;;;;
;;;;;;
;;;;;;
;;;;;;
;;;;;;
;;;;;;
;;;;;;
;;;;;;
;;;;;;
;;;;;;
;;;;;;
;;;;;;
;;;;;;
;;;;;;
;;;;;;
;;;;;;
;;;;;;
;;;;;;
;;;;;;
;;;;;;
;;;;;;
;;;;;;
;;;;;;
;;;;;;
;;;;;;
;;;;;;
;;;;;;
;;;;;;
;;;;;;
;;;;;;
;;;;;;
;;;;;;
;;;;;;
;;;;;;
;;;;;;
;;;;;;
;;;;;;
;;;;;;
;;;;;;
;;;;;;
;;;;;;
;;;;;;
;;;;;;
;;;;;;
;;;;;;
;;;;;;
;;;;;;
;;;;;;
;;;;;;
;;;;;;
;;;;;;
;;;;;;
;;;;;;
;;;;;;
